359.9375,0,0,6.10351563E-05,0.000183105469,0.000183105469,1,False,-0.98999995,0,0.119999997,9.57999992,0.779999971,-1.88999999,23,None,32981196,0
359.9375,77.875,-157.375,0.0635986328,-0.769836426,0.000183105469,0.635070801,False,-0.429999977,-0.049999997,0.0399999991,9.57999992,0.779999971,-1.88999999,23,None,42472626,0
359.9375,77.875,-157.375,0.0635986328,-0.769836426,0.000183105469,0.635070801,False,-0.409999996,-0.0700000003,0.0599999987,9.57999992,0.779999971,-1.88999999,23,None,48256292,0
359.9375,77.875,-157.4375,0.0634765625,-0.769836426,0.000305175781,0.635070801,False,-0.25999999,-0.0700000003,0.0599999987,9.57999992,0.779999971,-1.88999999,23,None,53674279,0
359.875,77.875,-157.5625,0.063293457,-0.769836426,0.000427246094,0.635070801,False,-0.129999995,-0.0899999961,0.0199999996,9.57999992,0.779999971,-1.88999999,23,None,59619962,0
359.875,77.875,-157.5,0.0634155273,-0.769897461,0.000366210938,0.635009766,False,-0.25,-0.049999997,0,9.57999992,0.779999971,-1.88999999,23,None,65603901,0
359.9375,77.875,-157.4375,0.0635375977,-0.769897461,0.000244140625,0.635009766,False,-0.229999989,-0.0399999991,0.0799999982,9.57999992,0.779999971,-1.88999999,23,None,71205372,0
359.9375,77.875,-157.4375,0.0635986328,-0.769836426,0.000366210938,0.635009766,False,-0.239999995,-0.0399999991,0.00999999978,9.57999992,0.779999971,-1.88999999,23,None,76845030,0
359.875,77.875,-157.375,0.063659668,-0.769836426,0.000305175781,0.635070801,False,-0.129999995,-0.0599999987,-0.049999997,9.57999992,0.789999962,-1.88999999,23,None,82705861,0
7.9375,77.875,-157.1875,0.0639038086,-0.769836426,-6.10351563E-05,0.635070801,False,-0.519999981,0,0.129999995,9.57999992,0.789999962,-1.88999999,23,None,88714028,0
0,77.8125,-157.0625,0.0640258789,-0.769836426,-0.000244140625,0.635009766,False,-0.310000002,-0.0700000003,0.119999997,9.57999992,0.799999952,-1.88999999,23,None,94436506,0
0,77.8125,-157.0625,0.0640258789,-0.769775391,-0.000244140625,0.635070801,False,-0.170000002,-0.119999997,-0.0299999993,9.57999992,0.799999952,-1.88999999,23,None,100665576,0
0.0625,77.8125,-156.875,0.0642700195,-0.769775391,-0.000854492188,0.635009766,False,-0.209999993,-0.119999997,0.0399999991,9.57999992,0.810000002,-1.88999999,23,None,106363371,0
0.1875,77.8125,-156.625,0.0646362305,-0.769836426,-0.00140380859,0.635009766,False,-0.199999988,-0.0899999961,0.140000001,9.57999992,0.829999983,-1.88999999,23,None,112223238,0
0.25,77.75,-156.1875,0.0650024414,-0.769897461,-0.001953125,0.63482666,False,0.140000001,-0.189999998,-0.0700000003,9.57999992,0.839999974,-1.89999998,23,None,117950226,0
0.5,77.625,-155.6875,0.0656738281,-0.770141602,-0.00372314453,0.634521484,False,-0.140000001,-0.099999994,-0.0399999991,9.56999969,0.870000005,-1.90999997,23,None,123481073,0
0.8125,77.4375,-155,0.0668945313,-0.770751953,-0.00537109375,0.633911133,False,0.049999997,-0.149999991,-0.219999999,9.56999969,0.930000007,-1.93999994,23,None,128847549,0
1.125,77.3125,-154.3125,0.067565918,-0.77130127,-0.00756835938,0.633239746,False,-0.0799999982,-0.159999996,-0.119999997,9.55000019,0.969999969,-1.94999993,23,None,134223777,0
1.5625,77.0625,-153.0625,0.0680541992,-0.771850586,-0.0101928711,0.632080078,False,-0.109999999,-0.189999998,-0.219999999,9.55000019,1.01999998,-1.96999991,23,None,139773895,0
2.0625,76.6875,-152.3125,0.0680541992,-0.772705078,-0.0133056641,0.630981445,False,0.0199999996,-0.340000004,-0.789999962,9.52999973,1.06999993,-2.00999999,23,None,145475913,0
3.1875,76.375,-151.5,0.067199707,-0.773864746,-0.0206298828,0.629516602,False,0.539999962,-0.349999994,-0.539999962,9.5199995,1.13,-2.06999993,23,None,151317588,0
4.375,75.875,-150.4375,0.0648193359,-0.776794434,-0.0278320313,0.627319336,False,-0.419999987,-0.370000005,-0.799999952,9.47999954,1.25999999,-2.13999987,23,None,157257413,0
5.8125,74.875,-149.25,0.0614013672,-0.779724121,-0.0361938477,0.622009277,False,-2.48000002,-0.149999991,0.639999986,9.44999981,1.31999993,-2.24000001,23,None,163329238,0
7.9375,74.3125,-149.875,0.0550537109,-0.785583496,-0.0451660156,0.617431641,False,-1.69999993,-0.0799999982,1.56999993,9.42000008,1.28999996,-2.39999986,23,None,168922392,0
8.625,73.8125,-151.75,0.0450439453,-0.789428711,-0.0465698242,0.610412598,False,-0.919999957,-0.280000001,0.539999962,9.39999962,1.22000003,-2.5,23,None,174761323,0
8.75,73.3125,-154.9375,0.0393676758,-0.792724609,-0.0463867188,0.606506348,False,-0.639999986,-0.109999999,0.319999993,9.38000011,1.13999999,-2.58999991,23,None,180817194,0
8.5625,73,-157.375,0.0330810547,-0.797607422,-0.0445556641,0.602539063,False,0.0599999987,-0.0899999961,0.399999976,9.36999989,1.04999995,-2.73000002,23,None,186193077,0
8.25,72.6875,-159.75,0.0247192383,-0.800476074,-0.0422363281,0.599060059,False,-1.75999999,-0.00999999978,0.0899999961,9.34000015,0.879999995,-2.81999993,23,None,192249601,0
7.75,72.25,-164.3125,0.0177612305,-0.804016113,-0.0379638672,0.593139648,False,-2.19000006,0.099999994,0.539999962,9.32999992,0.689999998,-2.91999984,23,None,198187281,0
5.8125,72,-168.9375,0.00866699219,-0.807983398,-0.0252075195,0.589660645,False,-0.0399999991,-0.129999995,0.199999988,9.31999969,0.310000002,-3.01999998,23,None,203923007,0
3.875,71.9375,-174,-0.00433349609,-0.809570313,-0.0153808594,0.586791992,False,0.75,-0.239999995,-0.0599999987,9.30999947,0.0799999982,-3.06999993,23,None,209978820,0
2.125,71.5,179.8125,-0.0106201172,-0.811279297,-0.00354003906,0.584472656,False,1.81999993,-0.159999996,-0.969999969,9.28999996,-0.0799999982,-3.12999988,23,None,215972602,0
0.0625,71.1875,177.1875,-0.0300292969,-0.813476563,0.00170898438,0.582214355,False,0.469999999,-0.0700000003,-0.429999977,9.2699995,-0.25999999,-3.18999982,23,None,221540364,0
359.1875,70.875,175.1875,-0.0200195313,-0.814147949,0.00604248047,0.580322266,False,-0.75,0.25999999,0.669999957,9.26000023,-0.389999986,-3.18999982,23,None,227208820,0
358.25,70.8125,171.5,-0.0244140625,-0.813476563,0.0123291016,0.580993652,False,-1.22000003,-0.099999994,0.810000002,9.26000023,-0.569999993,-3.14999986,23,None,233034164,0
355.75,70.9375,167.625,-0.0299072266,-0.811523438,0.0266723633,0.583129883,False,1.07999992,-0.099999994,-0.229999989,9.2699995,-0.789999962,-3.05999994,23,None,238802152,0
353.8125,70.9375,163.625,-0.0366821289,-0.808349609,0.0355224609,0.586486816,False,1.86000001,-0.159999996,-1.24000001,9.2699995,-1.04999995,-3,23,None,244518179,0
352.4375,71,159.6875,-0.0396118164,-0.806518555,0.0408935547,0.588439941,False,-0.979999959,0.0299999993,-0.129999995,9.2699995,-1.14999998,-2.96000004,23,None,250733783,0
351.25,71.0625,157.75,-0.0429077148,-0.805175781,0.0471191406,0.58972168,False,-1.02999997,-0.319999993,0.479999989,9.2699995,-1.25999999,-2.89999986,23,None,256323162,0
350.3125,70.9375,155.1875,-0.0502929688,-0.802429199,0.0531005859,0.592224121,False,-0.689999998,-0.429999977,1.48000002,9.26000023,-1.50999999,-2.82999992,23,None,262586209,0
349,70.8125,149.9375,-0.0551757813,-0.799499512,0.0772705078,0.594970703,False,-0.409999996,-0.370000005,0.269999981,9.25,-1.70999992,-2.73000002,23,None,268492847,0
346.25,70.6875,145.625,-0.0625,-0.793212891,0.0771484375,0.598754883,False,0.789999962,-0.219999999,-0.479999989,9.25,-2.02999997,-2.53999996,23,None,275072059,0
344.5,70.5625,139.375,-0.0669555664,-0.788452148,0.0857543945,0.605407715,False,0.439999998,-0.0199999996,-0.0899999961,9.23999977,-2.19000006,-2.39999986,23,None,280853896,0
342.6875,70.5625,135.75,-0.0706787109,-0.781066895,0.0961303711,0.610168457,False,0.399999976,-0.0199999996,0.0299999993,9.25,-2.40999985,-2.18000007,23,None,286778908,0
341.625,70.625,132.125,-0.0755615234,-0.775512695,0.102416992,0.618347168,False,0.680000007,-0.140000001,0.149999991,9.25,-2.52999997,-2.00999999,23,None,292572049,0
340.75,70.75,126.875,-0.0778198242,-0.769836426,0.123291016,0.624267578,False,0.049999997,-0.170000002,0.189999998,9.26000023,-2.61999989,-1.8499999,23,None,298524022,0
339.75,70.9375,123.5,-0.0795898438,-0.761108398,0.114562988,0.630249023,False,-0.0199999996,-0.149999991,0.269999981,9.2699995,-2.75,-1.58999991,23,None,304490135,0
339.1875,71.0625,118.3125,-0.0817871094,-0.755065918,0.11907959,0.639526367,False,-0.109999999,-0.140000001,-0.049999997,9.27999973,-2.81999993,-1.41999996,23,None,310708840,0
338.3125,71.125,115,-0.0831298828,-0.749206543,0.125732422,0.645385742,False,-0.159999996,-0.0599999987,0.48999998,9.27999973,-2.89999986,-1.14999998,23,None,316135677,0
337.75,71.125,111.4375,-0.0847167969,-0.739440918,0.130249023,0.651550293,False,0.789999962,-0.239999995,0.599999964,9.27999973,-3,-0.949999988,23,None,321679162,0
337.25,71.25,107.5625,-0.0839233398,-0.731994629,0.133911133,0.662780762,False,0.769999981,-0.199999988,0.159999996,9.30000019,-3.00999999,-0.719999969,23,None,327253473,0
337.0625,71.6875,101.5625,-0.0817260742,-0.724487305,0.136291504,0.670715332,False,-0.0799999982,-0.0799999982,-0.049999997,9.31999969,-3,-0.5,23,None,333048058,0
337,72,97.4375,-0.0793457031,-0.716796875,0.138122559,0.678833008,False,-0.379999995,-0.149999991,-0.109999999,9.32999992,-2.99000001,-0.269999981,23,None,338459789,0
336.9375,72.1875,93.125,-0.0774536133,-0.704833984,0.140563965,0.687072754,False,-0.239999995,-0.149999991,-0.109999999,9.34000015,-2.97000003,0.049999997,23,None,344314945,0
337,72.3125,86.75,-0.0745239258,-0.697143555,0.141601563,0.698852539,False,-0.379999995,-0.049999997,-0.129999995,9.34999943,-2.93999982,0.269999981,23,None,350190574,0
337.125,72.4375,82.6875,-0.0723876953,-0.689758301,0.142700195,0.706237793,False,-0.620000005,-0.0299999993,0.189999998,9.34999943,-2.90999985,0.459999979,23,None,356114819,0
337.1875,72.5,79.25,-0.0680541992,-0.680908203,0.144042969,0.712280273,False,-0.409999996,-0.099999994,-0.229999989,9.34999943,-2.8599999,0.689999998,23,None,361823363,0
337.125,72.5,76.375,-0.0653076172,-0.675964355,0.145324707,0.719543457,False,-0.50999999,0.0899999961,-0.099999994,9.34999943,-2.81999993,0.810000002,23,None,367427300,0
337.125,72.5,72.625,-0.0621948242,-0.671936035,0.146118164,0.723388672,False,0.209999993,-0.0199999996,-0.289999992,9.34999943,-2.77999997,0.930000007,23,None,373633761,0
337.25,72.5625,70.1875,-0.0579833984,-0.664855957,0.145385742,0.727478027,False,-0.159999996,0.199999988,0.0700000003,9.34999943,-2.69000006,1.15999997,23,None,379525451,0
337.6875,72.5625,64.3125,-0.0569458008,-0.656738281,0.143249512,0.73815918,False,-0.659999967,-0.0599999987,0.189999998,9.32999992,-2.64999986,1.42999995,23,None,385416206,0
338.5625,71.8125,59.8125,-0.0577392578,-0.646850586,0.141357422,0.747192383,False,-0.049999997,-0.0700000003,-0.049999997,9.30999947,-2.6099999,1.58999991,23,None,391003584,0
338.8125,71.6875,57.3125,-0.0539550781,-0.639770508,0.139892578,0.751525879,False,0,0,0.099999994,9.30000019,-2.50999999,1.77999997,23,None,396804956,0
339.125,71.625,53.3125,-0.0508422852,-0.635131836,0.138183594,0.758239746,False,-0.699999988,0,-0.149999991,9.30000019,-2.42999983,1.94999993,23,None,403802968,0
339.6875,71.5625,50.875,-0.0466918945,-0.62890625,0.135009766,0.764221191,False,0.0299999993,0.0700000003,-0.319999993,9.30000019,-2.31999993,2.04999995,23,None,409711012,0
340.1875,71.5,47.125,-0.0437011719,-0.624938965,0.131774902,0.768249512,False,-2.54999995,-0.0799999982,-0.699999988,9.30000019,-2.21000004,2.13999987,23,None,415739855,0
341.25,71.8125,44.8125,-0.0399169922,-0.62286377,0.123779297,0.770935059,False,-0.149999991,-0.109999999,-0.349999994,9.32999992,-2.07999992,2.18000007,23,None,421165442,0
342.25,72.3125,42.75,-0.0341796875,-0.622802734,0.116394043,0.772521973,False,-0.680000007,-0.0399999991,0.349999994,9.38000011,-1.8499999,2.15999985,23,None,427224884,0
343.4375,73.0625,39.625,-0.0296020508,-0.624145508,0.108703613,0.773132324,False,-0.799999952,-0.229999989,0.119999997,9.42000008,-1.68999994,2.12999988,23,None,433206700,0
345,74.25,37.5,-0.0246582031,-0.62713623,0.0977172852,0.772827148,False,-1.14999998,-0.189999998,0.099999994,9.44999981,-1.45999992,2.04999995,23,None,439076181,0
346.0625,75.0625,35.375,-0.0178833008,-0.629577637,0.0905151367,0.77142334,False,-0.680000007,-0.0599999987,-0.129999995,9.51000023,-1.30999994,1.99000001,23,None,445211739,0
347.125,76.25,32.125,-0.0138549805,-0.631958008,0.0830078125,0.770385742,False,-0.579999983,-0.229999989,0.349999994,9.53999996,-1.14999998,1.92999995,23,None,450719974,0
348.8125,77.0625,29.4375,-0.00939941406,-0.63458252,0.0716552734,0.769104004,False,-1.02999997,-0.119999997,0.459999979,9.56999969,-1,1.83999991,23,None,456146494,0
349.8125,77.8125,26.6875,-0.00262451172,-0.638549805,0.0650634766,0.767578125,False,-0.25,-0.219999999,-0.0199999996,9.60999966,-0.769999981,1.76999998,23,None,461867707,0
350.75,78.5625,21.875,0.00213623047,-0.641418457,0.0579833984,0.765014648,False,-0.239999995,-0.280000001,0.0399999991,9.63000011,-0.610000014,1.68999994,23,None,467839373,0
352.5,79.75,17.5625,0.00701904297,-0.64453125,0.034362793,0.762939453,False,-0.569999993,-0.25,0.119999997,9.65999985,-0.429999977,1.56999993,23,None,473605853,0
353.6875,80.5,12.5625,0.014465332,-0.649108887,0.0377807617,0.760620117,False,-0.550000012,-0.289999992,0.319999993,9.67999935,-0.179999992,1.5,23,None,479436162,0
354.8125,81.0625,3.9375,0.0194091797,-0.651672363,0.0305786133,0.75769043,False,-0.74000001,-0.179999992,-0.00999999978,9.69999981,-0.0199999996,1.42999995,23,None,485717310,0
356.375,81.75,-2,0.0241088867,-0.655334473,0.0204467773,0.755615234,False,-0.399999976,-0.00999999978,-0.25999999,9.69999981,0.199999988,1.32999992,23,None,491523764,0
357.375,82.0625,-8.5625,0.0305786133,-0.657714844,0.0133666992,0.752502441,False,-0.0399999991,-0.159999996,-0.140000001,9.71000004,0.349999994,1.25999999,23,None,497759614,0
359.125,82.3125,-19.5625,0.0347900391,-0.660339355,0.00567626953,0.750183105,False,-0.889999986,-0.0899999961,0.479999989,9.71000004,0.50999999,1.18999994,23,None,503483759,0
0.1875,82.3125,-27.0625,0.0392456055,-0.663696289,-0.00451660156,0.74786377,False,-0.719999969,-0.0899999961,-0.119999997,9.71000004,0.729999959,1.10000002,24,None,509197470,0
1.125,82.1875,-33.4375,0.0451049805,-0.665527344,-0.0104370117,0.744934082,False,-0.389999986,-0.119999997,-0.199999988,9.71000004,0.859999955,1.04999995,24,None,515044952,0
2.0625,81.875,-42,0.0485229492,-0.667358398,-0.0166015625,0.742919922,False,-0.359999985,-0.149999991,0.340000004,9.69999981,0.98999995,0.98999995,24,None,520711770,0
3.5,81.5625,-47.625,0.0522460938,-0.669250488,-0.026184082,0.740844727,False,-0.859999955,-0.199999988,0.269999981,9.68999958,1.12,0.899999976,24,None,526112862,0
4.5,81.1875,-52.9375,0.0559692383,-0.672607422,-0.0319824219,0.738342285,False,-0.799999952,-0.0799999982,0.0299999993,9.67999935,1.30999994,0.829999983,24,None,531568983,0
5.375,80.8125,-57.6875,0.0610961914,-0.675231934,-0.0375366211,0.734069824,False,-0.359999985,-0.25,-0.189999998,9.67000008,1.42999995,0.74000001,24,None,537432312,0
6.3125,80.25,-64.8125,0.0641479492,-0.678161621,-0.0438232422,0.730773926,False,-1.07999992,-0.0799999982,0.0899999961,9.64999962,1.55999994,0.659999967,24,None,543377392,0
7.875,79.75,-69.125,0.0668334961,-0.682495117,-0.0531005859,0.727355957,False,-1.70999992,0.0399999991,0.579999983,9.63999939,1.71999991,0.539999962,24,None,549246835,0
8.6875,79.375,-72.375,0.0697631836,-0.684875488,-0.0573120117,0.723022461,False,-1.04999995,-0.119999997,-2.40999985,9.61999989,1.78999996,0.469999999,24,None,555171798,0
9.3125,78.875,-76.625,0.0715942383,-0.687438965,-0.0770874023,0.720092773,False,0.620000005,-0.359999985,-0.280000001,9.60999966,1.88999999,0.379999995,24,None,560976873,0
10.875,78.25,-80.375,0.0741577148,-0.693237305,-0.072265625,0.715759277,False,-0.889999986,-0.209999993,0.379999995,9.57999992,2.1099999,0.199999988,24,None,566989256,0
12.1875,77.5,-86.3125,0.0781860352,-0.697753906,-0.0795898438,0.707580566,False,-1.51999998,-0.189999998,0.649999976,9.55000019,2.22000003,0.0799999982,24,None,572878854,0
13.6875,76.625,-89.125,0.0796508789,-0.701416016,-0.0844116211,0.70324707,False,-1.04999995,-0.159999996,0.0700000003,9.52999973,2.27999997,-0.00999999978,24,None,578373126,0
14.1875,76.375,-91.4375,0.080078125,-0.706237793,-0.0889282227,0.699584961,False,-0.0799999982,-0.370000005,-0.280000001,9.5199995,2.3499999,-0.140000001,24,None,583966266,0
14.8125,76.0625,-93.5,0.0806884766,-0.709228516,-0.0926513672,0.694152832,False,0.179999992,-0.209999993,0.340000004,9.48999977,2.41999984,-0.219999999,24,None,589756049,0
15.625,75.25,-96.3125,0.0823364258,-0.712158203,-0.0974731445,0.690307617,False,-0.529999971,-0.209999993,0.25999999,9.46999931,2.50999999,-0.310000002,24,None,595733265,0
16.875,74.6875,-98.125,0.0839233398,-0.715270996,-0.104003906,0.686218262,False,-0.399999976,-0.439999998,0.289999992,9.43999958,2.5999999,-0.409999996,24,None,601094401,0
17.6875,74.125,-99.875,0.0856933594,-0.720031738,-0.108215332,0.682067871,False,-0.0199999996,-0.389999986,0.149999991,9.40999985,2.73000002,-0.550000012,24,None,606743646,0
18.5,73.4375,-102.25,0.089050293,-0.723144531,-0.112792969,0.675598145,False,-0.129999995,-0.280000001,-0.129999995,9.35999966,2.82999992,-0.649999976,24,None,612780545,0
19.4375,72.3125,-103.6875,0.0918579102,-0.726379395,-0.121398926,0.670776367,False,-0.519999981,-0.310000002,-0.179999992,9.30999947,2.95000005,-0.75999999,24,None,618675701,0
21.1875,71.375,-105.1875,0.0951538086,-0.732116699,-0.127441406,0.665344238,False,-1.75999999,0.0299999993,0.479999989,9.2699995,3.0999999,-0.939999998,24,None,624241289,0
22.25,70.625,-106.875,0.0963134766,-0.735961914,-0.131774902,0.657043457,False,-1.19999993,-0.149999991,-0.159999996,9.21000004,3.16999984,-1.04999995,24,None,630478049,0
23.375,69.75,-109.125,0.0968017578,-0.739746094,-0.137023926,0.652038574,False,-0.109999999,-0.109999999,-0.189999998,9.17999935,3.22000003,-1.20999992,24,None,636309871,0
24.25,69.1875,-110.4375,0.09765625,-0.745300293,-0.141662598,0.644165039,False,-0.140000001,-0.170000002,2.48000002,9.11999989,3.33999991,-1.32999992,24,None,642231927,0
25.3125,68.4375,-112.1875,0.0985107422,-0.749023438,-0.146850586,0.638549805,False,-0.709999979,-0.170000002,0.379999995,9.06999969,3.42999983,-1.42999995,24,None,648082888,0
26.875,67.3125,-113.25,0.0992431641,-0.752441406,-0.153259277,0.633361816,False,-0.439999998,-0.179999992,0.219999999,9.02999973,3.49000001,-1.52999997,24,None,653638509,0
27.6875,66.75,-114.1875,0.100158691,-0.757141113,-0.156799316,0.628479004,False,0.25999999,-0.379999995,-0.280000001,8.96000004,3.58999991,-1.66999996,24,None,659294034,0
28.5,66.125,-115,0.101013184,-0.75994873,-0.161010742,0.621582031,False,-0.099999994,-0.229999989,0,8.92000008,3.66999984,-1.75999999,24,None,665548322,0
30.0625,65.0625,-115.875,0.1015625,-0.762573242,-0.168273926,0.616943359,False,-1.22000003,-0.209999993,0.469999999,8.86999989,3.74000001,-1.87,24,None,671117856,0
31,64.5,-116.4375,0.101257324,-0.766357422,-0.171508789,0.612609863,False,-0.799999952,-0.329999983,0.469999999,8.81999969,3.79999995,-1.93999994,24,None,677219751,0
31.625,64.125,-117.3125,0.100708008,-0.768371582,-0.173461914,0.607788086,False,-0.140000001,-0.439999998,0.280000001,8.80000019,3.81999993,-1.99000001,24,None,683003242,0
32.3125,63.6875,-117.8125,0.100402832,-0.770263672,-0.175292969,0.604858398,False,-0.209999993,-0.439999998,-0.140000001,8.7699995,3.8499999,-2.04999995,24,None,688634355,0
32.875,63.3125,-118.3125,0.0999755859,-0.773376465,-0.178710938,0.60168457,False,-0.599999964,-0.419999987,-0.119999997,8.72999954,3.88999987,-2.14999986,24,None,694249979,0
33.4375,62.9375,-118.875,0.0986938477,-0.775817871,-0.180664063,0.596435547,False,-0.969999969,-0.159999996,0.610000014,8.71000004,3.88999987,-2.22000003,24,None,700287154,0
33.8125,62.6875,-120.1875,0.0966796875,-0.778503418,-0.180847168,0.593139648,False,-1.05999994,-0.310000002,0.359999985,8.71000004,3.8599999,-2.28999996,24,None,705874850,0
33.6875,62.75,-121.3125,0.0941162109,-0.782348633,-0.177978516,0.590698242,False,-0.769999981,-0.289999992,0.109999999,8.72000027,3.79999995,-2.39999986,24,None,711319432,0
33.4375,62.875,-122.5,0.0892944336,-0.78503418,-0.17590332,0.587158203,False,0.189999998,-0.199999988,-0.340000004,8.72999954,3.7099998,-2.47000003,24,None,717361794,0
33.25,62.875,-124.125,0.0864257813,-0.787658691,-0.174804688,0.584472656,False,0.00999999978,-0.269999981,-0.379999995,8.72000027,3.66999984,-2.53999996,24,None,723371314,0
33.5,62.75,-125.125,0.0835571289,-0.791809082,-0.175170898,0.581115723,False,-0.74000001,-0.280000001,0.159999996,8.71000004,3.64999986,-2.65999985,24,None,728872419,0
33.75,62.625,-126.1875,0.0782470703,-0.794433594,-0.175109863,0.577575684,False,-1.39999998,-0.140000001,0.959999979,8.71000004,3.57999992,-2.72000003,24,None,734660020,0
33.75,62.625,-127.8125,0.0744018555,-0.79675293,-0.173339844,0.57409668,False,-0.620000005,-0.179999992,-0.109999999,8.72000027,3.5,-2.76999998,24,None,740460626,0
33.1875,62.875,-128.9375,0.0687866211,-0.801513672,-0.169616699,0.572509766,False,-0.469999999,-0.219999999,-0.0599999987,8.72999954,3.40999985,-2.92999983,24,None,748887639,0
33.1875,62.8125,-130.875,0.0623779297,-0.804992676,-0.169006348,0.567260742,False,-0.889999986,-0.179999992,0.669999957,8.71000004,3.31999993,-3.01999998,24,None,754574404,0
33.25,62.6875,-133,0.0578613281,-0.808288574,-0.167236328,0.561584473,False,-1.27999997,-0.25999999,0.649999976,8.71000004,3.24000001,-3.11999989,24,None,760307597,0
32.75,62.625,-134.875,0.0527954102,-0.811889648,-0.164001465,0.557861328,False,0.639999986,-0.539999962,-0.459999979,8.71000004,3.13999987,-3.22000003,24,None,765889070,0
32.4375,62.5625,-136.5625,0.032409668,-0.817138672,-0.160583496,0.553955078,False,0.209999993,-0.370000005,0.109999999,8.68999958,3.03999996,-3.37999988,24,None,771424163,0
32.4375,62.3125,-138,0.042175293,-0.820617676,-0.159667969,0.547058105,False,-0.109999999,-0.389999986,-0.00999999978,8.65999985,2.99000001,-3.48000002,24,None,777207747,0
32.5625,62,-139.875,0.0383911133,-0.823730469,-0.158569336,0.543029785,False,-0.319999993,-0.459999979,0.170000002,8.63999939,2.92999983,-3.56999993,24,None,783362829,0
32.25,61.8125,-141.3125,0.033996582,-0.827819824,-0.154846191,0.539733887,False,-0.329999983,-0.579999983,0.049999997,8.63999939,2.83999991,-3.68999982,24,None,789034650,0
31.8125,61.75,-142.75,0.0267944336,-0.830383301,-0.151794434,0.535461426,False,-0.099999994,-0.589999974,-0.319999993,8.63000011,2.70000005,-3.76999998,24,None,795017041,0
31.4375,61.5625,-145.0625,0.0217285156,-0.833374023,-0.149353027,0.531677246,False,0.870000005,-0.560000002,-0.539999962,8.60999966,2.61999989,-3.86999989,24,None,800856829,0
31.25,61.3125,-146.5,0.016784668,-0.836608887,-0.146789551,0.527282715,False,-0.280000001,-0.469999999,0.280000001,8.57999992,0,-4.02999973,24,None,806376290,0
31.125,60.9375,-147.875,0.00958251953,-0.84161377,-0.14465332,0.520263672,False,-1.05999994,-0.299999982,0.829999983,8.55000019,2.42999983,-4.13000011,24,None,811854925,0
30.875,60.6875,-150.25,0.00463867188,-0.844299316,-0.141235352,0.516845703,False,-0.859999955,-0.319999993,-0.340000004,8.53999996,2.31999993,-4.21000004,24,None,817789107,0
30.125,60.625,-151.9375,-0.000671386719,-0.846374512,-0.136535645,0.514770508,False,1.16999996,-0.329999983,-1.06999993,8.53999996,2.20000005,-4.26999998,24,None,823202695,0
29.125,60.5,-153.3125,-0.00555419922,-0.849609375,-0.1328125,0.512268066,False,0.25999999,-0.399999976,-0.560000002,8.5199995,2.12999988,-4.38999987,24,None,828750468,0
29.25,60.1875,-154.25,-0.0120849609,-0.851867676,-0.132873535,0.506408691,False,-0.74000001,-0.239999995,0.449999988,8.47999954,2.06999993,-4.46000004,24,None,834571199,0
29.4375,59.8125,-155.5,-0.0168457031,-0.853515625,-0.131896973,0.50378418,False,-0.799999952,-0.310000002,0.409999996,8.47000027,1.99000001,-4.50999975,24,None,840244886,0
29.0625,59.8125,-156.75,-0.0219726563,-0.854614258,-0.128967285,0.502563477,False,0.909999967,-0.629999995,-0.340000004,8.47999954,1.88999999,-4.53999996,24,None,845839573,0
28.1875,59.8125,-157.875,-0.0263671875,-0.856201172,-0.124633789,0.501464844,False,0.370000005,-0.389999986,-0.0799999982,8.47000027,1.76999998,-4.5999999,24,None,851420033,0
27.75,59.75,-158.875,-0.0322875977,-0.857177734,-0.122375488,0.499267578,False,-0.949999988,-0.329999983,0.0899999961,8.47000027,1.68999994,-4.63000011,24,None,857234867,0
27.1875,59.75,-160.625,-0.0378417969,-0.857543945,-0.11907959,0.499023438,False,-0.909999967,-0.269999981,-0.0199999996,8.48999977,1.55999994,-4.63999987,24,None,863011151,0
25.8125,60.125,-162.125,-0.0439453125,-0.85723877,-0.112854004,0.500061035,False,1.55999994,-0.649999976,-0.659999967,8.51000023,1.43999994,-4.65999985,24,None,868623180,0
25.125,60.1875,-163.3125,-0.0511474609,-0.857727051,-0.110168457,0.499816895,False,-0.629999995,-0.459999979,0.239999995,8.51000023,1.29999995,-4.67999983,24,None,874541930,0
24.5625,60.25,-165,-0.0559082031,-0.857910156,-0.107055664,0.499389648,False,-1.12,-0.319999993,0.479999989,8.5199995,1.17999995,-4.69000006,24,None,880698362,0
23.0625,60.5,-166.625,-0.0616455078,-0.85748291,-0.0994873047,0.500427246,False,-0.159999996,-0.629999995,0.289999992,8.55000019,1.02999997,-4.67000008,24,None,886121696,0
21.75,60.875,-168.375,-0.0701904297,-0.856262207,-0.0933837891,0.502319336,False,0.140000001,-0.379999995,0.209999993,8.57999992,0.789999962,-4.65999985,24,None,891819479,0
20.3125,61.125,-171.1875,-0.0753173828,-0.855651855,-0.0874633789,0.504516602,False,0.48999998,-0.439999998,-0.409999996,8.59999943,0.649999976,-4.65999985,24,None,897961547,0
18.625,61.3125,-172.625,-0.0799560547,-0.85534668,-0.081237793,0.505065918,False,0.219999999,-0.579999983,-0.610000014,8.59999943,0.539999962,-4.67000008,24,None,903489528,0
17.9375,61.25,-173.875,-0.0845336914,-0.85546875,-0.0784301758,0.504699707,False,0,-0.280000001,0.229999989,8.59000015,0.409999996,-4.69999981,24,None,909048146,0
17.3125,61.1875,-175,-0.0912475586,-0.855529785,-0.0756225586,0.50402832,False,0.379999995,-0.389999986,0.0599999987,8.59000015,0.319999993,-4.71000004,24,None,914955970,0
16.75,61.125,-176.4375,-0.0946655273,-0.855407715,-0.073059082,0.50390625,False,0.429999977,-0.649999976,0.189999998,8.57999992,0.25,-4.71999979,24,None,920697151,0
16.0625,61.125,-177.1875,-0.0974121094,-0.855102539,-0.0701293945,0.503967285,False,-0.370000005,-0.439999998,0.5,8.59000015,0.199999988,-4.71999979,24,None,926222381,0
15.5,61.125,-177.9375,-0.101257324,-0.854553223,-0.0673828125,0.504333496,False,-0.799999952,-0.409999996,0.189999998,8.59999943,0.0700000003,-4.69999981,24,None,931933906,0
14.75,61.25,-179.6875,-0.104614258,-0.85357666,-0.0634155273,0.506347656,False,-0.969999969,-0.340000004,1.12,8.59999943,-0.0399999991,-4.69999981,24,None,937597243,0
13.5,61.25,178.4375,-0.108215332,-0.853515625,-0.056640625,0.506591797,False,0.769999981,-0.689999998,1.15999997,8.60999966,-0.199999988,-4.67000008,24,None,943471847,0
11.3125,61.625,176.5,-0.113830566,-0.84954834,-0.0474243164,0.510498047,False,0.98999995,-0.74000001,0.939999998,8.67000008,-0.419999987,-4.54999971,24,None,949471151,0
9.6875,62.125,173.625,-0.114990234,-0.846740723,-0.0399780273,0.517883301,False,-0.429999977,-0.229999989,0.25,8.71000004,-0.579999983,-4.46000004,24,None,955668246,0
6.8125,62.875,171.25,-0.116638184,-0.843444824,-0.0270385742,0.5234375,False,-0.319999993,-0.479999989,-0.889999986,8.75,-0.769999981,-4.29999971,24,None,961235768,0
4.9375,63.375,168.625,-0.121520996,-0.837768555,-0.0189819336,0.54473877,False,0.539999962,-0.370000005,-0.439999998,8.80000019,-1.03999996,-4.17999983,24,None,966764453,0
3.25,63.875,164.75,-0.12487793,-0.833618164,-0.0119018555,0.537902832,False,0.239999995,-0.109999999,0.429999977,8.84000015,-1.19999993,-4.05999994,24,None,972954734,0
1,64.5625,162.25,-0.127563477,-0.829406738,-0.00158691406,0.543823242,False,0.099999994,-0.429999977,0.639999986,8.86999989,-1.35000002,-3.92999983,24,None,978535439,0
359.625,65.125,159.6875,-0.130432129,-0.822265625,0.00537109375,0.553894043,False,-0.299999982,-0.349999994,0.98999995,8.93999958,-1.57999992,-3.69999981,24,None,984721297,0
358.0625,65.75,155.0625,-0.131652832,-0.816345215,0.0138549805,0.562133789,False,-0.269999981,-0.569999993,0.769999981,8.97999954,-1.75999999,-3.5,24,None,990328708,0
355.3125,66.75,151.25,-0.132873535,-0.809448242,0.0233154297,0.571411133,False,-0.00999999978,-0.459999979,0.479999989,9.02999973,-1.95999992,-3.26999998,24,None,995861574,0
353.375,67.4375,146.75,-0.134155273,-0.797058105,0.0383911133,0.581970215,False,1.05999994,-0.669999957,-0.109999999,9.07999992,-2.14999986,-2.8599999,24,None,1001347340,0
351.75,68.1875,142.0625,-0.135192871,-0.788024902,0.0458984375,0.608825684,False,1.25,-0.589999974,-0.629999995,9.14999962,-2.33999991,-2.61999989,24,None,1007002833,0
350.75,68.9375,136.4375,-0.134460449,-0.780883789,0.0509033203,0.607849121,False,0.449999988,-0.329999983,-0.25,9.18999958,-2.40999985,-2.40999985,25,None,1012974476,0
349.75,69.875,133.4375,-0.133117676,-0.774780273,0.0570678711,0.615600586,False,0.50999999,-0.409999996,0.479999989,9.22000027,-2.47000003,-2.21000004,25,None,1018596877,0
349.1875,70.5625,130.125,-0.129821777,-0.764587402,0.0604858398,0.639526367,False,-0.0299999993,-0.709999979,0.25999999,9.27999973,-2.50999999,-1.88,25,None,1024271962,0
348.8125,71.25,125.3125,-0.12689209,-0.758361816,0.0631713867,0.636230469,False,-0.599999964,-0.409999996,0.129999995,9.31999969,-2.52999997,-1.68999994,25,None,1030203883,0
348.4375,72.125,121.8125,-0.124145508,-0.75201416,0.0666503906,0.643920898,False,0.0899999961,-0.459999979,0.269999981,9.34000015,-2.56999993,-1.46999991,25,None,1035770819,0
347.4375,72.5625,117.5625,-0.121643066,-0.740966797,0.0740966797,0.652282715,False,1.13,-0.560000002,0.789999962,9.35999966,-2.61999989,-1.12,25,None,1041412048,0
346.8125,73.0625,113.1875,-0.114440918,-0.733703613,0.0772705078,0.665283203,False,1.18999994,-0.479999989,-0.0399999991,9.42000008,-2.55999994,-0.889999986,25,None,1047021528,0
346.75,73.875,107.6875,-0.106994629,-0.727661133,0.0773925781,0.673095703,False,-0.479999989,-0.109999999,-1.11000001,9.46000004,-2.46000004,-0.719999969,25,None,1052742253,0
347.1875,75.1875,105,-0.100585938,-0.723266602,0.0762329102,0.678955078,False,-1.39999998,-0.119999997,-0.680000007,9.48999977,-2.37999988,-0.579999983,25,None,1058348435,0
347.25,75.625,102.5,-0.0966186523,-0.717407227,0.0765380859,0.683654785,False,-0.359999985,-0.349999994,1.06999993,9.5,-2.33999991,-0.389999986,25,None,1064024152,0
347.1875,75.9375,99.625,-0.0909423828,-0.712890625,0.0780639648,0.690917969,False,0.329999983,-0.419999987,0.289999992,9.52999973,-2.28999996,-0.229999989,25,None,1070002833,0
347,76.5625,93.6875,-0.085144043,-0.707275391,0.079284668,0.697265625,False,0.140000001,-0.25999999,-0.00999999978,9.55000019,-2.22000003,-0.049999997,25,None,1075845831,0
347.0625,77.0625,88.8125,-0.0632324219,-0.697998047,0.0799560547,0.704223633,False,0.140000001,-0.469999999,-0.709999979,9.55999947,-2.0999999,0.219999999,25,None,1081402369,0
347.125,77.5,83.8125,-0.0701904297,-0.692321777,0.0796508789,0.713745117,False,-0.00999999978,-0.370000005,0.359999985,9.57999992,-2.01999998,0.379999995,25,None,1087731080,0
347.3125,78,76.625,-0.0647583008,-0.686950684,0.0789794922,0.719482422,False,0.129999995,-0.359999985,0.5,9.59000015,-1.91999996,0.560000002,25,None,1093446817,0
347.75,78.3125,70.625,-0.0582885742,-0.677246094,0.0771484375,0.726257324,False,-0.74000001,-0.399999976,0,9.59999943,-1.74000001,0.839999974,25,None,1098907733,0
348.0625,78.5625,48.25,-0.0479736328,-0.671020508,0.0759277344,0.735961914,False,-0.829999983,-0.129999995,-0.189999998,9.60999966,-1.63,1.01999998,25,None,1104752404,0
348.3125,78.5625,54.8125,-0.0418701172,-0.66418457,0.0751342773,0.742614746,False,-1.27999997,-0.0799999982,-0.280000001,9.59999943,-1.53999996,1.20999992,25,None,1110973104,0
348.625,78.3125,49.125,-0.0368041992,-0.654846191,0.0743408203,0.748779297,False,-0.719999969,0.0299999993,-0.129999995,9.59000015,-1.41999996,1.43999994,25,None,1116678501,0
348.75,78,44.5625,-0.0301513672,-0.649169922,0.0737915039,0.756469727,False,-0.149999991,0.189999998,0.0199999996,9.57999992,-1.33999991,1.58999991,25,None,1122774720,0
349,77.5,37.875,-0.0252075195,-0.643737793,0.0721435547,0.761352539,False,0.0799999982,0.0299999993,-0.579999983,9.56999969,-1.24000001,1.73000002,25,None,1128546684,0
349.375,77.1875,33.375,-0.0177001953,-0.635742188,0.0693359375,0.766296387,False,-0.779999971,0,-0.269999981,9.55000019,-1.06999993,1.92999995,25,None,1134430080,0
349.875,76.9375,27.0625,-0.0126953125,-0.631103516,0.0668334961,0.772705078,False,-1.25,-0.0799999982,0.179999992,9.53999996,-0.959999979,2.03999996,25,None,1140664632,0
350.3125,76.5,23.75,-0.00769042969,-0.624694824,0.065246582,0.776184082,False,-0.789999962,0.159999996,-0.669999957,9.5199995,-0.849999964,2.21000004,25,None,1146459094,0
350.5,75.9375,21.1875,-0.0029296875,-0.620239258,0.0640869141,0.781799316,False,0.280000001,-0.0599999987,-0.340000004,9.48999977,-0.779999971,2.29999995,25,None,1152657374,0
350.8125,75.4375,17.3125,0.000427246094,-0.616760254,0.0611572266,0.784729004,False,-0.48999998,-0.179999992,0.209999993,9.48999977,-0.659999967,2.36999989,25,None,1158163409,0
351.8125,75.4375,14,0.00524902344,-0.614990234,0.0537109375,0.786499023,False,-1.37,-0.0399999991,-0.159999996,9.48999977,-0.519999981,2.39999986,25,None,1163642826,0
352.5,75.5,10.9375,0.0118408203,-0.613891602,0.0491943359,0.787536621,False,-0.909999967,-0.179999992,-0.370000005,9.48999977,-0.349999994,2.40999985,25,None,1169205154,0
353.125,75.5625,8.375,0.0150756836,-0.613891602,0.0449829102,0.787963867,False,-0.550000012,-0.179999992,0.119999997,9.5,-0.25,2.39999986,25,None,1174977530,0
353.75,75.75,4.8125,0.0186157227,-0.614135742,0.0408325195,0.787963867,False,0.379999995,-0.649999976,0.0799999982,9.5,-0.129999995,2.38999987,25,None,1180618481,0
354.875,76,1.4375,0.0233154297,-0.615966797,0.0313720703,0.78717041,False,-0.560000002,-0.48999998,0.799999952,9.5199995,0.0199999996,2.32999992,25,None,1186330215,0
355.875,76.1875,-2.6875,0.0323486328,-0.61706543,0.0247802734,0.785827637,False,-0.729999959,-0.389999986,-2.16999984,9.5199995,0.280000001,2.28999996,25,None,1192031636,0
356.8125,76.3125,-9.25,0.0385742188,-0.618835449,0.0183105469,0.784362793,False,-0.75,-0.280000001,-0.0700000003,9.52999973,0.449999988,2.23000002,25,None,1197982087,0
358.25,76.5625,-13.5,0.0440673828,-0.62097168,0.00903320313,0.782531738,False,-0.949999988,-0.219999999,0.349999994,9.53999996,0.599999964,2.14999986,25,None,1203518243,0
359.0625,76.625,-17.3125,0.0513305664,-0.623535156,0.00329589844,0.780944824,False,-0.429999977,-0.449999988,-0.0899999961,9.53999996,0.810000002,2.0999999,25,None,1209593551,0
359.9375,76.6875,-23.25,0.0561523438,-0.625244141,-0.00299072266,0.778381348,False,-0.579999983,-0.0700000003,0.0199999996,9.53999996,0.959999979,2.04999995,25,None,1215706563,0
1.3125,76.5,-26.9375,0.0762329102,-0.627197266,-0.0116577148,0.776916504,False,-1.23000002,-0.0700000003,0.25999999,9.52999973,1.14999998,1.99000001,25,None,1221446711,0
2,76.375,-29.9375,0.0660400391,-0.628540039,-0.0160522461,0.774780273,False,-1.00999999,-0.0700000003,-0.189999998,9.5199995,1.25,1.93999994,25,None,1227317630,0
2.625,76.25,-34.125,0.0693969727,-0.630310059,-0.0203857422,0.772949219,False,0.219999999,-0.349999994,-0.359999985,9.5199995,1.36000001,1.88,25,None,1233228278,0
3.875,76.1875,-37.8125,0.0729370117,-0.634643555,-0.0298461914,0.770202637,False,-0.659999967,-0.159999996,0.219999999,9.5199995,1.5,1.75,25,None,1238787022,0
4.9375,76.0625,-41.8125,0.0790405273,-0.637451172,-0.0364990234,0.765563965,False,-1.22000003,-0.170000002,0.389999986,9.5,1.70999992,1.66999996,25,None,1244763615,0
5.875,75.6875,-47.25,0.0830688477,-0.640014648,-0.0423583984,0.762695313,False,-1.07999992,-0.219999999,0.109999999,9.48999977,1.82999992,1.5999999,25,None,1250561532,0
7.125,75.4375,-50.25,0.0866699219,-0.643127441,-0.0501098633,0.760253906,False,-0.969999969,-0.179999992,-0.099999994,9.47999954,1.93999994,1.5,25,None,1256257499,0
7.9375,75.1875,-52.875,0.0908813477,-0.645751953,-0.0552368164,0.756103516,False,-0.439999998,-0.299999982,-0.280000001,9.46999931,2.08999991,1.41999996,25,None,1261838568,0
8.75,75,-57.3125,0.0930786133,-0.648925781,-0.0609130859,0.752685547,False,-0.810000002,-0.25999999,0.719999969,9.46000004,2.20000005,1.32999992,26,None,1268368668,0
10.0625,74.625,-60.125,0.095703125,-0.653320313,-0.0684814453,0.749328613,False,-1.32999992,-0.239999995,0.550000012,9.44999981,2.33999991,1.19999993,26,None,1274214701,0
10.75,74.375,-63.8125,0.0991821289,-0.65625,-0.0722045898,0.744506836,False,-1.62,-0.099999994,0.349999994,9.43999958,2.39999986,1.12,26,None,1280326401,0
11.375,74.3125,-65.8125,0.100280762,-0.659240723,-0.0740966797,0.741516113,False,-1.05999994,-0.359999985,0.0799999982,9.43999958,2.41999984,1.04999995,26,None,1285838601,0
11.4375,74.4375,-66.9375,0.100219727,-0.661865234,-0.0740356445,0.739501953,False,-0.649999976,-0.310000002,-0.119999997,9.44999981,2.39999986,1.00999999,26,None,1291537419,0
11.375,74.5625,-67.0625,0.0995483398,-0.661987305,-0.0737915039,0.739196777,False,0.0399999991,-0.319999993,0.0399999991,9.44999981,2.39999986,1.00999999,26,None,1297338041,0
11.4375,74.4375,-67.1875,0.0997924805,-0.661987305,-0.0748901367,0.739074707,False,-0.229999989,-0.359999985,0.239999995,9.43999958,2.42999983,1.00999999,26,None,1303164821,0
11.8125,74.3125,-67.5,0.100463867,-0.66217041,-0.0771484375,0.738708496,False,-0.389999986,-0.349999994,0.379999995,9.42999935,2.46000004,0.98999995,26,None,1308738467,0
12,74.125,-68,0.102172852,-0.662658691,-0.0782470703,0.737792969,False,-0.149999991,-0.269999981,-0.199999988,9.42000008,2.50999999,0.969999969,26,None,1314715236,0
12.1875,73.875,-69.375,0.103393555,-0.663757324,-0.0803833008,0.73638916,False,-0.689999998,-0.269999981,-0.049999997,9.40999985,2.56999993,0.919999957,26,None,1320862870,0
13,73.6875,-70.875,0.104736328,-0.666625977,-0.0852661133,0.734069824,False,-0.649999976,-0.269999981,0.099999994,9.39999962,2.64999986,0.839999974,26,None,1326471018,0
13.5,73.4375,-72.3125,0.106384277,-0.668518066,-0.0883178711,0.730712891,False,-0.819999993,-0.25,-0.0199999996,9.38999939,2.70000005,0.779999971,26,None,1332370631,0
14,73.1875,-74.5,0.106872559,-0.670898438,-0.0914306641,0.728088379,False,-1.75,-0.049999997,0.189999998,9.38000011,2.74000001,0.709999979,26,None,1338137019,0
14.6875,73.1875,-76.125,0.106445313,-0.675292969,-0.0940551758,0.725158691,False,-0.879999995,-0.199999988,-0.0700000003,9.38999939,2.74000001,0.599999964,26,None,1344070181,0
14.875,73.3125,-77.5,0.104675293,-0.678344727,-0.0950927734,0.721008301,False,-0.280000001,-0.219999999,-0.329999983,9.38999939,2.74000001,0.519999981,26,None,1350031808,0
15.4375,73.375,-80.25,0.103210449,-0.682128906,-0.0974731445,0.717285156,False,-0.239999995,-0.189999998,0.00999999978,9.38999939,2.76999998,0.409999996,26,None,1355811999,0
16.125,73.3125,-82.625,0.102050781,-0.688964844,-0.103149414,0.712768555,False,-0.810000002,-0.269999981,0.229999989,9.38999939,2.81999993,0.219999999,26,None,1361709716,0
16.875,73.1875,-87.125,0.100036621,-0.694763184,-0.107055664,0.704162598,False,-0.819999993,-0.310000002,-0.0299999993,9.38000011,2.83999991,0.0599999987,26,None,1367787391,0
17.9375,73,-90.375,0.0979614258,-0.701049805,-0.110290527,0.697692871,False,0.98999995,-0.579999983,-0.170000002,9.36999989,2.86999989,-0.0899999961,26,None,1373289620,0
18.8125,72.75,-93.5625,0.0966796875,-0.710571289,-0.117553711,0.691101074,False,0.599999964,-0.50999999,-0.0899999961,9.34999943,2.92999983,-0.370000005,26,None,1378576374,0
20.0625,72.125,-97.1875,0.0958862305,-0.717651367,-0.124572754,0.678466797,False,-1.38,-0.25,1.15999997,9.28999996,3.05999994,-0.560000002,26,None,1384745717,0
21.375,71.1875,-102.0625,0.0947265625,-0.724365234,-0.129638672,0.670471191,False,-2.92999983,0.00999999978,1.16999996,9.2699995,3.07999992,-0.75,26,None,1390520160,0
22.25,71.0625,-105.125,0.0919799805,-0.730712891,-0.129455566,0.663757324,False,-2.12999988,0.0299999993,0.669999957,9.27999973,3.02999997,-0.969999969,26,None,1395962608,0
21.9375,71.3125,-108,0.0858764648,-0.738342285,-0.125976563,0.658935547,False,0.159999996,-0.25999999,-0.529999971,9.30000019,2.87999988,-1.07999992,26,None,1401484698,0
21.5,71.625,-110.5625,0.0822143555,-0.742431641,-0.123596191,0.653320313,False,0.379999995,-0.370000005,0.170000002,9.30999947,2.81999993,-1.17999995,26,None,1407264871,0
21.375,71.75,-113.6875,0.0794067383,-0.74597168,-0.122680664,0.649719238,False,-1.23000002,-0.389999986,0.899999976,9.30999947,2.77999997,-1.26999998,26,None,1413258671,0
21.25,71.8125,-115.375,0.0767211914,-0.750610352,-0.120056152,0.646911621,False,-1.5999999,-0.129999995,0.25999999,9.31999969,2.65999985,-1.39999998,26,None,1418763369,0
20.75,72.0625,-117.75,0.0708618164,-0.754394531,-0.115661621,0.642272949,False,-0.159999996,-0.219999999,0,9.34999943,2.53999996,-1.5,26,None,1424804076,0
20.0625,72.5625,-122,0.0660400391,-0.758178711,-0.11138916,0.639099121,False,-0.189999998,-0.319999993,0.129999995,9.35999966,2.41999984,-1.5999999,26,None,1430638911,0
19.25,72.75,-124.875,0.061340332,-0.764160156,-0.106384277,0.635375977,False,-1.28999996,-0.50999999,0.569999993,9.36999989,2.26999998,-1.75999999,26,None,1436530900,0
18.75,72.875,-143.8125,0.0544433594,-0.767700195,-0.102111816,0.630249023,False,-1.58999991,-0.129999995,0.519999981,9.38999939,2.12999988,-1.8499999,26,None,1442503434,0
17.875,73.4375,-132.625,0.0491333008,-0.770629883,-0.0798950195,0.628173828,False,1.19999993,-0.469999999,-1.06999993,9.40999985,1.95999992,-1.90999997,26,None,1448116426,0
16.0625,74,-135.8125,0.0436401367,-0.773803711,-0.0863037109,0.62713623,False,1.03999996,-0.539999962,-0.74000001,9.42999935,1.75999999,-2,26,None,1453749111,0
15.375,74.1875,-138.625,0.0366821289,-0.776245117,-0.0833129883,0.623779297,False,-0.179999992,-0.359999985,0.359999985,9.42999935,1.66999996,-2.05999994,26,None,1459938853,0
15,74.25,-142,0.0325317383,-0.778198242,-0.0790405273,0.621887207,False,-1.76999998,-0.349999994,0.959999979,9.44999981,1.5,-2.12999988,26,None,1468362077,0
13.375,74.6875,-146.625,0.0219116211,-0.782043457,-0.0689697266,0.619018555,False,-0.370000005,-0.269999981,-1.31999993,9.46000004,1.22000003,-2.24000001,26,None,1474959785,0
11.9375,74.875,-153.6875,0.0158691406,-0.785217285,-0.05859375,0.615966797,False,2.08999991,-0.479999989,-1.25,9.46000004,1.05999994,-2.37999988,26,None,1481069521,0
10.625,74.625,-157,0.00854492188,-0.789978027,-0.0563354492,0.610473633,False,-0.610000014,-0.25,0.879999995,9.43999958,0.930000007,-2.47000003,26,None,1487058134,0
10.375,74.3125,-160.375,0.00402832031,-0.792053223,-0.0541992188,0.608093262,False,-1.88999999,-0.209999993,1.33999991,9.43999958,0.810000002,-2.5,26,None,1492752395,0
9,74.625,-163.6875,-0.00183105469,-0.791931152,-0.0440673828,0.608703613,False,0.299999982,-0.519999981,0.50999999,9.46000004,0.620000005,-2.47000003,26,None,1498179415,0
7.4375,75.125,-167.875,-0.00775146484,-0.790161133,-0.0358276367,0.610717773,False,0.599999964,-0.560000002,-0.159999996,9.47999954,0.340000004,-2.41999984,26,None,1503721050,0
5.9375,75.5,-171.9375,-0.0149536133,-0.789123535,-0.0283203125,0.613464355,False,-0.0599999987,-0.370000005,0.0199999996,9.51000023,0.159999996,-2.37999988,26,None,1509677801,0
4.5625,76.0625,-178.0625,-0.020324707,-0.787109375,-0.0209350586,0.616149902,False,2.46000004,-0.429999977,0.189999998,9.52999973,-0.00999999978,-2.29999995,26,None,1515640434,0
2.5625,76.6875,177.375,-0.0283813477,-0.781921387,-0.0106201172,0.620422363,False,0.109999999,-0.709999979,0.399999976,9.55999947,-0.25999999,-2.13999987,26,None,1522002357,0
1.3125,77.5,170.6875,-0.032409668,-0.778198242,-0.00378417969,0.62713623,False,-0.0399999991,-0.359999985,0.299999982,9.57999992,-0.419999987,-2.03999996,26,None,1527953021,0
359.25,77.875,165.6875,-0.0368652344,-0.773193359,0.00756835938,0.631408691,False,1.18999994,-0.589999974,-0.319999993,9.59000015,-0.629999995,-1.90999997,26,None,1534009741,0
358.0625,78.0625,160.375,-0.0385742188,-0.771484375,0.0128173828,0.635009766,False,0.310000002,-0.669999957,0.0599999987,9.59000015,-0.699999988,-1.87,26,None,1540413697,0
357.125,78.25,158.375,-0.0395507813,-0.770080566,0.0175170898,0.636535645,False,-0.949999988,-0.649999976,0.680000007,9.59999943,-0.75999999,-1.80999994,26,None,1545901903,0
356.4375,78.3125,156.4375,-0.0397949219,-0.768127441,0.0223999023,0.637878418,False,-1.38999999,-0.299999982,1.44999993,9.59999943,-0.879999995,-1.77999997,26,None,1551770800,0
355.3125,78.25,151.75,-0.0390014648,-0.766906738,0.0302124023,0.639892578,False,-1.20999992,-0.599999964,0.179999992,9.59999943,-1.00999999,-1.71999991,26,None,1557913081,0
352.9375,78.1875,147.25,-0.0392456055,-0.764465332,0.0436401367,0.642272949,False,0.449999988,-0.539999962,0.0199999996,9.59000015,-1.19999993,-1.58999991,26,None,1563621965,0
351.5625,78.1875,142.9375,-0.0390014648,-0.760070801,0.0506591797,0.646728516,False,0.859999955,-0.839999974,0.0899999961,9.59999943,-1.27999997,-1.50999999,26,None,1569425797,0
350.5625,78.3125,138.3125,-0.0377807617,-0.757507324,0.0560302734,0.649291992,False,0.119999997,-0.219999999,1.25999999,9.59999943,-1.32999992,-1.42999995,26,None,1575512501,0
349.1875,78.5,135.875,-0.0349731445,-0.754333496,0.0645141602,0.651672363,False,-0.789999962,-0.439999998,0.0299999993,9.60999966,-1.38,-1.35000002,26,None,1581504176,0
348.1875,78.5625,133.5,-0.0287475586,-0.753356934,0.0704956055,0.653198242,False,-1.40999997,-0.319999993,0.289999992,9.59999943,-1.42999995,-1.31999993,26,None,1587709156,0
346.5625,78.375,131.4375,-0.0264892578,-0.75213623,0.0925292969,0.653991699,False,-0.280000001,-0.48999998,0.669999957,9.59999943,-1.5,-1.27999997,26,None,1593146140,0
345.4375,78.25,129.25,-0.0239257813,-0.75,0.0868530273,0.654785156,False,0.0399999991,-0.149999991,0.049999997,9.59999943,-1.56999993,-1.20999992,26,None,1598966538,0
344.375,78.25,126.9375,-0.0176391602,-0.748779297,0.0928344727,0.656005859,False,-0.839999974,0.00999999978,-0.149999991,9.59999943,-1.5999999,-1.17999995,26,None,1605199880,0
342.8125,78.125,126.0625,-0.0135498047,-0.748474121,0.102539063,0.655639648,False,-1.82999992,-0.370000005,0.859999955,9.59000015,-1.64999998,-1.16999996,26,None,1610783472,0
341.4375,77.875,124.75,-0.00793457031,-0.747924805,0.111022949,0.654846191,False,0.449999988,0.879999995,1.10000002,9.56999969,-1.75999999,-1.15999997,26,None,1616454158,0
339.9375,77.5,123.5,-0.00280761719,-0.748535156,0.11920166,0.652282715,False,1.40999997,0.0899999961,-2.25,9.55999947,-1.77999997,-1.19999993,26,None,1622658665,0
338.3125,77.25,125.1875,0.00476074219,-0.750732422,0.124816895,0.648864746,False,0.870000005,-1.01999998,-2.23000002,9.55999947,-1.73000002,-1.28999996,26,None,1628140361,0
338.125,77.1875,128.9375,0.0120239258,-0.75769043,0.123413086,0.644165039,False,-1.44999993,-1.07999992,0.579999983,9.55000019,-1.5999999,-1.54999995,26,None,1633676385,0
338.25,76.8125,134,0.0198364258,-0.763793945,0.122009277,0.633483887,False,-2.73000002,-0.459999979,2.56999993,9.5199995,-1.57999992,-1.73000002,26,None,1639445757,0
337.75,76.125,137.1875,0.0229492188,-0.767211914,0.126281738,0.628417969,False,-1.13999999,0.0599999987,0.550000012,9.51000023,-1.65999997,-1.70999992,26,None,1644947280,0
336.75,75.6875,134.8125,0.0230102539,-0.76574707,0.13293457,0.628845215,False,-0.569999993,-0.170000002,-0.879999995,9.48999977,-1.75999999,-1.69999993,26,None,1650699205,0
334.6875,75.25,132.875,0.0231933594,-0.766174316,0.144897461,0.627319336,False,0.0899999961,-0.159999996,-1.26999998,9.46000004,-1.95999992,-1.69999993,26,None,1656425131,0
333.3125,74.5625,130.9375,0.0200195313,-0.766418457,0.150634766,0.624145508,False,1.93999994,0.680000007,-1.91999996,9.42000008,-2.05999994,-1.75999999,26,None,1662212252,0
332.4375,73.625,130.75,0.0183105469,-0.769104004,0.153076172,0.620300293,False,1.02999997,0.370000005,-0.919999957,9.38999939,-2.0999999,-1.83999991,26,None,1667865173,0
332.0625,73.125,131.75,0.0161132813,-0.772277832,0.152954102,0.616394043,False,-0.579999983,0.00999999978,0.0799999982,9.35999966,-2.13999987,-1.9799999,26,None,1673403068,0
331.875,72.5,132.5,0.0119018555,-0.776611328,0.153625488,0.612487793,False,-0.109999999,-0.099999994,0.25999999,9.34000015,-2.22000003,-2.04999995,26,None,1678905906,0
331.5625,71.9375,132.5625,0.0087890625,-0.778442383,0.154846191,0.608276367,False,0.449999988,-0.129999995,0.109999999,9.28999996,-2.27999997,-2.0999999,26,None,1684970104,0
331.0625,71.25,132.5625,0.00592041016,-0.780090332,0.171630859,0.605834961,False,0,0.25999999,-0.0899999961,9.2699995,-2.33999991,-2.13999987,26,None,1690552405,0
330.875,70.9375,132.1875,0.00274658203,-0.781188965,0.157348633,0.604858398,False,0.149999991,-0.099999994,0.049999997,9.26000023,-2.41999984,-2.19000006,26,None,1696197693,0
330.5625,70.5,132.1875,-0.00140380859,-0.78314209,0.158447266,0.601318359,False,-0.0299999993,-0.629999995,0.839999974,9.21000004,-2.48000002,-2.24000001,26,None,1702267212,0
330.25,69.75,132.0625,-0.00457763672,-0.784790039,0.160095215,0.598693848,False,0.349999994,0.419999987,1.01999998,9.17999935,-2.53999996,-2.28999996,26,None,1708106700,0
329.4375,69.3125,131.8125,-0.00616455078,-0.786560059,0.164123535,0.596496582,False,0.199999988,0.199999988,0.439999998,9.15999985,-2.61999989,-2.33999991,26,None,1713866844,0
328.8125,68.9375,131.6875,-0.00628662109,-0.787902832,0.166625977,0.592773438,False,-0.0899999961,-0.229999989,-0.179999992,9.11999989,-2.65999985,-2.38999987,26,None,1719656729,0
328.375,68.3125,132.3125,-0.00616455078,-0.790100098,0.167907715,0.589477539,False,5.98000002,-2.88999987,1.10000002,9.09000015,-2.66999984,-2.51999998,26,None,1725405320,0
328.5,68.875,132.75,-0.000671386719,-0.796142578,0.16796875,0.59173584,False,-0.779999971,-0.099999994,2.11999989,9.09000015,-2.53999996,-2.69000006,26,None,1731072354,0
327.8125,68.0625,137.3125,0.0151367188,-0.798522949,0.166137695,0.578430176,False,-2.01999998,-0.579999983,-2.46000004,9.10999966,-2.3599999,-2.72000003,26,None,1736992271,0
328.0625,68.5625,139.75,0.0230712891,-0.799194336,0.164123535,0.577758789,False,1.87,0.199999988,-0.319999993,9.13000011,-2.25,-2.75,26,None,1742991567,0
328.625,68.8125,141.3125,0.0448608398,-0.800048828,0.160705566,0.577087402,False,-0.389999986,-0.389999986,-0.239999995,9.14999962,-2.1099999,-2.76999998,26,None,1748732700,0
329.125,69.125,142.75,0.0368041992,-0.800476074,0.157714844,0.577026367,False,-0.429999977,-0.719999969,0.389999986,9.17999935,-2,-2.79999995,26,None,1754681201,0
329.75,69.5,145.375,0.041809082,-0.801391602,0.153869629,0.576477051,False,-0.099999994,-0.659999967,0.349999994,9.18999958,-1.88999999,-2.80999994,26,None,1760871020,0
330.8125,69.875,146.6875,0.0472412109,-0.801330566,0.148681641,0.577819824,False,0.219999999,0.639999986,0.149999991,9.21000004,-1.76999998,-2.82999992,26,None,1767329838,0
331.25,70.0625,148.3125,0.0498657227,-0.801513672,0.147399902,0.577453613,False,-0.049999997,0.0599999987,0.0399999991,9.22000027,-1.73000002,-2.83999991,27,None,1773399285,0
331.25,70.125,148.625,0.0526733398,-0.801452637,0.148071289,0.577148438,False,-0.099999994,0,0.129999995,9.22000027,-1.73000002,-2.83999991,27,None,1779076898,0
331.0625,70.125,148.4375,0.0541992188,-0.801208496,0.149841309,0.576782227,False,-0.349999994,0.159999996,0.109999999,9.22000027,-1.74000001,-2.82999992,27,None,1784999416,0
330.3125,70.125,148.0625,0.0565795898,-0.80065918,0.154602051,0.576538086,False,-0.099999994,-0.209999993,0.189999998,9.22000027,-1.76999998,-2.80999994,27,None,1790784430,0
329.5625,70.0625,147.5625,0.0600585938,-0.799804688,0.158325195,0.576049805,False,-0.129999995,0.0799999982,0.049999997,9.21000004,-1.81999993,-2.78999996,27,None,1796606064,0
328.875,70.0625,146.3125,0.0610351563,-0.79876709,0.162109375,0.576171875,False,-0.239999995,2.49000001,0.25,9.22000027,-1.86000001,-2.74000001,27,None,1802183586,0
328.3125,70.375,145.1875,0.0620117188,-0.796203613,0.165222168,0.578735352,False,2.52999997,-0.319999993,0.449999988,9.22999954,-1.87,-2.69000006,27,None,1807864675,0
327.6875,70.375,145.125,0.0648803711,-0.795776367,0.16809082,0.578308105,False,0.0199999996,-0.159999996,0.329999983,9.22999954,-1.87,-2.70000005,27,None,1813415018,0
327.4375,70.375,145.375,0.0689086914,-0.796203613,0.168762207,0.576904297,False,0.099999994,-0.099999994,-2.26999998,9.22999954,-1.82999992,-2.73000002,27,None,1819752991,0
327.625,70.375,146.875,0.0723876953,-0.796875,0.165466309,0.576049805,False,-0.0899999961,-0.289999992,0.269999981,9.25,-1.74000001,-2.74000001,27,None,1825867768,0
328.3125,70.75,148,0.0758056641,-0.796813965,0.161987305,0.577453613,False,0.0199999996,0.0799999982,-0.0899999961,9.26000023,-1.63999999,-2.75,27,None,1832281525,0
328.875,70.9375,149.5,0.0765380859,-0.796691895,0.159423828,0.577880859,False,0.159999996,-0.049999997,0.329999983,9.2699995,-1.5999999,-2.73000002,27,None,1838003106,0
329.5625,71.3125,149.5,0.0763549805,-0.795349121,0.156799316,0.580688477,False,0,-0.199999988,0.280000001,9.28999996,-1.56999993,-2.72000003,27,None,1843577500,0
329.9375,71.3125,150.1875,0.0767211914,-0.796203613,0.154418945,0.579956055,False,-0.870000005,-0.269999981,0.129999995,9.28999996,-1.46999991,-2.75,27,None,1853064221,0
331.1875,71.4375,152.375,0.0776977539,-0.796569824,0.147155762,0.580688477,False,-0.419999987,-0.0299999993,-0.0199999996,9.30000019,-1.38,-2.74000001,27,None,1858776445,0
331.9375,71.6875,153.3125,0.0764770508,-0.795837402,0.143798828,0.583190918,False,0.0299999993,0.25999999,0.170000002,9.31999969,-1.35000002,-2.70000005,27,None,1865353649,0
332.75,72.1875,153.25,0.0752563477,-0.793334961,0.141418457,0.585998535,False,-0.170000002,-0.140000001,0.109999999,9.34000015,-1.33999991,-2.61999989,27,None,1870834196,0
333.0625,72.5,152.875,0.0729980469,-0.791931152,0.140319824,0.588684082,False,0,-0.209999993,0.349999994,9.35999966,-1.31999993,-2.57999992,27,None,1876444125,0
333.375,72.75,152.8125,0.0722045898,-0.79119873,0.138916016,0.591247559,False,-0.140000001,0.0399999991,0.219999999,9.36999989,-1.29999995,-2.55999994,27,None,1882687923,0
333.8125,72.9375,153.125,0.0718383789,-0.79083252,0.136962891,0.592041016,False,-0.159999996,0.00999999978,0.209999993,9.36999989,-1.28999996,-2.55999994,27,None,1888153739,0
334,72.9375,153.3125,0.0715942383,-0.791015625,0.136047363,0.592163086,False,-0.0899999961,-0.170000002,0.149999991,9.36999989,-1.25999999,-2.56999993,27,None,1893558321,0
334.1875,73,153.6875,0.0720825195,-0.791381836,0.13458252,0.591918945,False,-0.189999998,-0.319999993,0.0599999987,9.36999989,-1.23000002,-2.57999992,27,None,1899240960,0
334.5625,73.0625,154.875,0.0724487305,-0.791625977,0.132202148,0.592163086,False,-0.0199999996,-0.109999999,0.359999985,9.38000011,-1.18999994,-2.57999992,27,None,1904991943,0
335.375,73.125,155.625,0.0720214844,-0.791748047,0.127563477,0.592651367,False,-0.219999999,-0.189999998,0.170000002,9.38000011,-1.13999999,-2.5999999,27,None,1910860003,0
336.0625,73.1875,156.6875,0.0717773438,-0.792358398,0.123046875,0.593200684,False,-0.109999999,-0.289999992,0.189999998,9.38999939,-1.02999997,-2.6099999,27,None,1916683883,0
337,73.3125,159.5625,0.0731201172,-0.793029785,0.117797852,0.593200684,False,-0.140000001,0.359999985,0.109999999,9.38999939,-0.919999957,-2.64999986,27,None,1922684201,0
338.4375,73.3125,161.75,0.0755615234,-0.794616699,0.111083984,0.592529297,False,0.049999997,1.03999996,0.229999989,9.38999939,-0.799999952,-2.71000004,27,None,1928406887,0
338.9375,73.1875,163.4375,0.0795288086,-0.795471191,0.108764648,0.590820313,False,-0.239999995,0.479999989,0,9.38000011,-0.74000001,-2.73000002,27,None,1934706288,0
339.25,73.1875,165.375,0.0825805664,-0.795471191,0.105957031,0.590759277,False,-0.0799999982,-0.74000001,0.099999994,9.38999939,-0.669999957,-2.72000003,27,None,1940595761,0
339.8125,73.375,166.5,0.0856323242,-0.794555664,0.104492188,0.59161377,False,-0.0700000003,-0.289999992,0.0700000003,9.39999962,-0.620000005,-2.71000004,27,None,1946521109,0
340.0625,73.5,167.3125,0.0863037109,-0.794067383,0.10333252,0.592712402,False,-0.209999993,0.099999994,0.199999988,9.39999962,-0.589999974,-2.69000006,27,None,1952663239,0
340.5,73.6875,167.875,0.0865478516,-0.793334961,0.101196289,0.59362793,False,-0.0199999996,0.119999997,0.289999992,9.40999985,-0.560000002,-2.67999983,27,None,1958250110,0
340.75,73.75,168.4375,0.0876464844,-0.79309082,0.0998535156,0.594238281,False,-0.179999992,-0.0700000003,0.219999999,9.40999985,-0.50999999,-2.67999983,27,None,1963796974,0
341.0625,73.8125,169.6875,0.0891113281,-0.79309082,0.0981445313,0.594482422,False,-0.229999989,-0.199999988,0.119999997,9.40999985,-0.459999979,-2.69000006,27,None,1969202338,0
341.375,73.8125,170.75,0.0907592773,-0.793334961,0.0960693359,0.594238281,False,-0.189999998,-0.25,0.099999994,9.40999985,-0.409999996,-2.70000005,27,None,1974816775,0
342,73.8125,171.5625,0.0913696289,-0.793334961,0.0941162109,0.594482422,False,-0.189999998,0.140000001,0.0799999982,9.40999985,-0.379999995,-2.70000005,27,None,1980361869,0
342.25,73.8125,172,0.0913085938,-0.793334961,0.0923461914,0.594665527,False,-0.25,-0.0199999996,0.0899999961,9.42000008,-0.359999985,-2.69000006,27,None,1986328816,0
342.375,73.875,172.375,0.0913085938,-0.79309082,0.0916748047,0.595214844,False,-0.179999992,-0.049999997,0.159999996,9.42000008,-0.349999994,-2.67999983,27,None,1991850091,0
342.5,73.9375,172.5625,0.0914916992,-0.79284668,0.0911254883,0.595581055,False,-0.109999999,-0.0799999982,0.219999999,9.42000008,-0.340000004,-2.67999983,27,None,1997612823,0
342.625,73.9375,172.6875,0.0914916992,-0.79284668,0.0904541016,0.59564209,False,-0.219999999,-0.109999999,0.140000001,9.42000008,-0.329999983,-2.67999983,27,None,2003026130,0
342.75,73.9375,172.9375,0.0916137695,-0.79284668,0.0895385742,0.595703125,False,-0.179999992,-0.119999997,0.140000001,9.42000008,-0.310000002,-2.67999983,27,None,2008478832,0
343,73.9375,173.375,0.0921630859,-0.79284668,0.0883789063,0.59588623,False,-0.179999992,0.099999994,0.0799999982,9.42000008,-0.280000001,-2.67999983,27,None,2014486971,0
343.1875,74.0625,174.0625,0.092590332,-0.792358398,0.0875244141,0.596618652,False,0,-0.209999993,0.289999992,9.42999935,-0.25999999,-2.65999985,27,None,2020366487,0
343.375,74.125,174.3125,0.092956543,-0.792053223,0.0870361328,0.596984863,False,-0.399999976,-0.550000012,0.00999999978,9.42999935,-0.25999999,-2.65999985,27,None,2026413739,0
343.4375,74.125,174.5625,0.0930175781,-0.791870117,0.0863037109,0.597412109,False,-0.329999983,-0.099999994,0.170000002,9.42999935,-0.229999989,-2.64999986,27,None,2032345391,0
343.75,74.1875,175.125,0.0936889648,-0.791748047,0.0852661133,0.597595215,False,-0.429999977,-0.189999998,0.0299999993,9.42999935,-0.209999993,-2.65999985,27,None,2037843401,0
344,74.125,175.8125,0.0946044922,-0.791870117,0.082824707,0.59753418,False,-0.5,-0.140000001,0.00999999978,9.42999935,-0.159999996,-2.66999984,27,None,2043310697,0
344.4375,74.125,177.125,0.0975952148,-0.791625977,0.0798950195,0.597839355,False,-0.199999988,0.119999997,0.0299999993,9.42999935,-0.049999997,-2.65999985,27,None,2049433029,0
345.0625,74.25,179.9375,0.0999755859,-0.79095459,0.0758666992,0.598876953,False,-0.719999969,-0.48999998,-0.159999996,9.42999935,0.0799999982,-2.65999985,27,None,2055190869,0
347.5,73.625,-174.25,0.109802246,-0.792053223,0.0559082031,0.596557617,False,-0.879999995,1.65999997,-0.419999987,9.38999939,0.50999999,-2.53999996,27,None,2061081801,0
349.875,74.625,-168.625,0.110473633,-0.791931152,0.0546875,0.598022461,False,-3.86999989,-5.13999987,-2.1099999,9.42999935,0.429999977,-2.63999987,27,None,2066953087,0
349.5,73.6875,-170.3125,0.110900879,-0.791015625,0.0543823242,0.599243164,False,-4.17000008,-2.63999987,-0.319999993,9.42000008,0.429999977,-2.66999984,27,None,2072816684,0
349.5,74,-170.5625,0.109863281,-0.790222168,0.0553588867,0.600952148,False,-1.01999998,-0.639999986,-0.299999982,9.42000008,0.429999977,-2.66999984,27,None,2078503185,0
349.4375,73.9375,-170.8125,0.109313965,-0.790100098,0.0554199219,0.600585938,False,-0.409999996,-0.579999983,0.280000001,9.42000008,0.419999987,-2.65999985,27,None,2084041272,0
349.375,74,-170.9375,0.108886719,-0.789855957,0.0555419922,0.601013184,False,-0.219999999,-0.170000002,-0.0299999993,9.42999935,0.409999996,-2.64999986,27,None,2089793458,0
349.375,74.0625,-171,0.108581543,-0.789550781,0.0557861328,0.60144043,False,-0.399999976,-0.239999995,0.199999988,9.42999935,0.409999996,-2.63999987,27,None,2095496713,0
349.375,74.125,-170.9375,0.108581543,-0.789367676,0.055480957,0.60168457,False,0.269999981,0.00999999978,-2.16999984,9.42999935,0.409999996,-2.64999986,27,None,2101367217,0
349.4375,74.0625,-171.125,0.108032227,-0.789855957,0.055480957,0.601196289,False,-0.349999994,-0.140000001,0.129999995,9.42000008,0.409999996,-2.65999985,27,None,2107242682,0
349.4375,74,-171.125,0.108093262,-0.789978027,0.0554199219,0.601013184,False,-0.140000001,-0.149999991,0.280000001,9.42000008,0.409999996,-2.65999985,27,None,2112842066,0
349.4375,73.9375,-171.25,0.108032227,-0.79095459,0.055480957,0.600280762,False,-0.209999993,-0.119999997,0.119999997,9.42000008,0.399999976,-2.70000005,27,None,2118404605,0
349.375,73.75,-171.4375,0.107849121,-0.791687012,0.055480957,0.598754883,False,-0.25,-0.109999999,0.0599999987,9.40999985,0.399999976,-2.72000003,27,None,2124059382,0
349.375,73.625,-171.5625,0.107849121,-0.792053223,0.055480957,0.598266602,False,-0.199999988,-0.119999997,0.170000002,9.40999985,0.399999976,-2.73000002,27,None,2129826313,0
349.375,73.5625,-171.625,0.107788086,-0.792419434,0.055480957,0.597839355,False,-0.289999992,-0.119999997,0.119999997,9.39999962,0.399999976,-2.74000001,27,None,2135370712,0
349.375,73.5625,-171.6875,0.107727051,-0.792663574,0.0555419922,0.59753418,False,-0.269999981,-0.099999994,0.0899999961,9.39999962,0.399999976,-2.74000001,27,None,2140853831,0
349.375,73.5625,-171.6875,0.107788086,-0.792419434,0.0555419922,0.597839355,False,-0.159999996,-0.099999994,0.159999996,9.39999962,0.399999976,-2.73000002,27,None,2146456357,0
349.375,73.625,-171.625,0.107727051,-0.792175293,0.0556030273,0.598083496,False,-0.219999999,-0.119999997,0.0899999961,9.40999985,0.389999986,-2.72000003,27,None,2152264637,0
349.3125,73.6875,-171.625,0.107666016,-0.791931152,0.0556640625,0.598449707,False,-0.219999999,-0.099999994,0.140000001,9.40999985,0.399999976,-2.71000004,27,None,2157785434,0
349.375,73.75,-171.5625,0.107727051,-0.791442871,0.0556640625,0.598876953,False,-0.140000001,-0.0899999961,0.209999993,9.40999985,0.399999976,-2.70000005,27,None,2163448127,0
349.3125,73.8125,-171.5625,0.107727051,-0.791381836,0.0557250977,0.599182129,False,-0.199999988,-0.109999999,0.140000001,9.40999985,0.389999986,-2.70000005,27,None,2168854585,0
349.3125,73.8125,-171.5625,0.107666016,-0.791320801,0.0557861328,0.599243164,False,-0.209999993,-0.109999999,0.159999996,9.40999985,0.389999986,-2.70000005,27,None,2174467999,0
349.3125,73.8125,-171.5625,0.107666016,-0.791320801,0.055847168,0.599243164,False,-0.189999998,-0.0899999961,0.179999992,9.40999985,0.389999986,-2.70000005,27,None,2180132300,0
349.3125,73.75,-171.625,0.10760498,-0.791564941,0.055847168,0.599060059,False,-0.239999995,-0.0899999961,0.119999997,9.40999985,0.389999986,-2.71000004,27,None,2185683195,0
349.3125,73.75,-171.625,0.10760498,-0.791625977,0.055847168,0.598815918,False,-0.229999989,-0.099999994,0.129999995,9.40999985,0.389999986,-2.71000004,27,None,2191368969,0
349.3125,73.75,-171.6875,0.10760498,-0.791687012,0.0559082031,0.598815918,False,-0.189999998,-0.0899999961,0.140000001,9.40999985,0.389999986,-2.71000004,27,None,2197023246,0
349.3125,73.75,-171.6875,0.107543945,-0.791625977,0.0559082031,0.598815918,False,-0.209999993,-0.099999994,0.109999999,9.40999985,0.389999986,-2.71000004,27,None,2202916393,0
349.3125,73.75,-171.6875,0.10748291,-0.791564941,0.0559692383,0.598876953,False,-0.170000002,-0.099999994,0.159999996,9.40999985,0.389999986,-2.70000005,27,None,2210611666,0
349.3125,73.8125,-171.6875,0.10748291,-0.791442871,0.0560302734,0.599121094,False,-0.199999988,-0.099999994,0.140000001,9.40999985,0.389999986,-2.70000005,27,None,2217039145,0
349.25,73.8125,-171.75,0.107421875,-0.791442871,0.0560913086,0.599121094,False,-0.189999998,-0.0799999982,0.140000001,9.40999985,0.389999986,-2.70000005,27,None,2222829859,0
349.25,73.8125,-171.75,0.107421875,-0.791442871,0.0561523438,0.599182129,False,-0.199999988,-0.0700000003,0.129999995,9.40999985,0.389999986,-2.70000005,27,None,2228619480,0
349.25,73.8125,-171.75,0.10736084,-0.791442871,0.0561523438,0.599121094,False,-0.219999999,-0.0799999982,0.140000001,9.40999985,0.379999995,-2.70000005,27,None,2234267003,0
349.25,73.8125,-171.75,0.10736084,-0.791442871,0.0561523438,0.599182129,False,-0.209999993,-0.0899999961,0.129999995,9.40999985,0.379999995,-2.70000005,27,None,2240039311,0
349.25,73.8125,-171.8125,0.10736084,-0.791381836,0.0562133789,0.599182129,False,-0.219999999,-0.099999994,0.119999997,9.40999985,0.379999995,-2.70000005,27,None,2245508062,0
349.25,73.8125,-171.8125,0.107299805,-0.791381836,0.0562744141,0.599182129,False,-0.219999999,-0.0799999982,0.119999997,9.40999985,0.379999995,-2.70000005,27,None,2251051305,0
349.25,73.8125,-171.8125,0.107299805,-0.791381836,0.0562744141,0.599243164,False,-0.209999993,-0.099999994,0.129999995,9.40999985,0.379999995,-2.70000005,27,None,2257037748,0
349.25,73.8125,-171.8125,0.10723877,-0.791381836,0.0563354492,0.599243164,False,-0.189999998,-0.0899999961,0.129999995,9.40999985,0.379999995,-2.70000005,27,None,2262908134,0
349.25,73.8125,-171.8125,0.10723877,-0.791320801,0.0563354492,0.599243164,False,-0.199999988,-0.0799999982,0.140000001,9.40999985,0.379999995,-2.70000005,27,None,2269011435,0
349.25,73.8125,-171.875,0.107177734,-0.791320801,0.0563964844,0.599304199,False,-0.229999989,-0.0799999982,0.149999991,9.40999985,0.379999995,-2.69000006,27,None,2275013300,0
349.1875,73.8125,-171.875,0.107177734,-0.791320801,0.0564575195,0.599304199,False,-0.199999988,-0.0799999982,0.109999999,9.42000008,0.379999995,-2.69000006,27,None,2280533575,0
349.1875,73.8125,-171.875,0.107116699,-0.791259766,0.0564575195,0.599304199,False,-0.229999989,-0.0899999961,0.129999995,9.42000008,0.379999995,-2.69000006,27,None,2286843609,0
349.1875,73.8125,-171.875,0.107116699,-0.791259766,0.0564575195,0.599365234,False,-0.219999999,-0.0899999961,0.119999997,9.42000008,0.379999995,-2.69000006,27,None,2292669639,0
349.1875,73.8125,-171.9375,0.107116699,-0.791259766,0.0565185547,0.599365234,False,-0.209999993,-0.0799999982,0.129999995,9.42000008,0.379999995,-2.69000006,27,None,2298587813,0
349.1875,73.8125,-171.9375,0.107055664,-0.791259766,0.0565795898,0.59942627,False,-0.179999992,-0.0700000003,0.129999995,9.42000008,0.379999995,-2.69000006,27,None,2305136064,0
349.1875,73.875,-171.9375,0.107055664,-0.79119873,0.0565795898,0.59942627,False,-0.219999999,-0.0799999982,0.119999997,9.42000008,0.370000005,-2.69000006,27,None,2310719736,0
349.1875,73.875,-171.9375,0.106994629,-0.79119873,0.056640625,0.59942627,False,-0.199999988,-0.0799999982,0.140000001,9.42000008,0.370000005,-2.69000006,27,None,2317283610,0
349.1875,73.875,-171.9375,0.106994629,-0.79119873,0.056640625,0.599487305,False,-0.239999995,-0.0799999982,0.149999991,9.42000008,0.370000005,-2.69000006,27,None,2322916708,0
349.1875,73.875,-172,0.106994629,-0.79119873,0.0567016602,0.599487305,False,-0.199999988,-0.0799999982,0.119999997,9.42000008,0.370000005,-2.69000006,27,None,2328970873,0
349.1875,73.875,-172,0.106933594,-0.791137695,0.0567016602,0.599487305,False,-0.209999993,-0.0700000003,0.140000001,9.42000008,0.370000005,-2.69000006,27,None,2334547754,0
349.1875,73.875,-172,0.106933594,-0.791137695,0.0567016602,0.59954834,False,-0.199999988,-0.0799999982,0.129999995,9.42000008,0.370000005,-2.69000006,27,None,2340625932,0
349.125,73.875,-172,0.106933594,-0.791137695,0.0567626953,0.59954834,False,-0.209999993,-0.0799999982,0.119999997,9.42000008,0.370000005,-2.69000006,27,None,2346440153,0
349.125,73.875,-172,0.106872559,-0.791137695,0.0567626953,0.59954834,False,-0.209999993,-0.0599999987,0.129999995,9.42000008,0.370000005,-2.69000006,27,None,2352797880,0
349.125,73.875,-172,0.106872559,-0.79107666,0.0568237305,0.599609375,False,0,-0.0599999987,0.0700000003,9.42000008,0.370000005,-2.69000006,27,AccelerometerLow,2358477271,0
